-- 03_insert_data.sql
-- Insert dữ liệu

USE QuanLyBanHang;

INSERT INTO DanhMuc
VALUES 
	(N'Đồ uống',N'cafe, rượu, bia'),
	(N'Gia vị',N'Nước sốt, bơ, mứt , gia vị'),
	(N'Bánh kẹo',N'kẹo, bánh kem ...'),
	(N'Sản phẩm từ sữa',N'Phó mát'),
	(N'Ngũ cốc',N'Bánh mì, gạo, ...'),
	(N'Thịt',N'Các loại thịt'),
	(N'Đồ khô',N'Thực phẩm sấy khô'),
	(N'Đồ biển',N'Cá, cua biển'),
	(N'Đồ nhắm',N'Tôm hấp bia, BaBa um chuối đậu')


INSERT INTO NhaCungcap
VALUES
	('CC_001',N'Công ty TNHH ABC',N'ABC',N'123 Ông Ích Khiêm',N'Hà Nội',N'1222',N'Việt Nam',N'(+84) 555-2222'),
	('CC_002',N'Công ty CP TMDV Thịnh Phát',N'Thịnh',N'124 Ông Ích Khiêm',N'Hải Phòng',N'2222',N'Việt Nam',N'(+84) 555-4822'),
	('CC_003',N'Công ty TNHH Vinamilk',N'Châu',N'125 Ông Ích Khiêm',N'Vĩnh Phúc',N'4555',N'Việt Nam',N'(+84) 555-5735'),
	('CC_004',N'Công ty TNHH TH True Milk',N'Duy',N'126 Ông Ích Khiêm',N'Đồng Nai',N'100',N'Việt Nam',N'(+84) 3555-5011'),
	('CC_005',N'Công ty TNHH DatLat Milk',N'Đào',N'127 Ông Ích Khiêm',N'Quy Nhơn',N'33007',N'Việt Nam',N'(+84) 598 76 54'),
	('CC_006',N'Công ty TNHH Smilac',N'Hải',N'128 Ông Ích Khiêm',N'Huế',N'545',N'Việt Nam',N'(+84) 431-7877'),
	('CC_007',N'Công ty CP Nestle',N'Hào',N'129 Ông Ích Khiêm',N'Hà Nội',N'3058',N'Việt Nam',N'(+84) 444-2343'),
	('CC_008',N'Công ty CP Nutricare',N'Hân',N'100 Lê Lợi',N'Hải Phòng',N'M14 GSD',N'Việt Nam',N'(+84) 555-4448'),
	('CC_009',N'Công ty TNHH Mộc Châu',N'Hiển',N'101 Lê Lợi',N'Vĩnh Phúc',N'S-345 67',N'Việt Nam',N'(+84) 987 65 43'),
	('CC_010',N'Công ty TNHH Nutifood',N'Hoa',N'102 Lê Lợi',N'Đồng Nai',N'5442',N'Việt Nam',N'(+84) 555 4640'),
	('CC_011',N' Công ty TNHH Abbott',N'Huân',N'103 Lê Lợi',N'Quy Nhơn',N'10785',N'Mỹ',N'(+1) 2107286153'),
	('CC_012',N' Công ty TNHH Fami',N'Huy',N'104 Lê Lợi',N'Huế',N'60439',N'Việt Nam',N'(+84) 992755')


INSERT INTO NhanVien
VALUES 
	('NV1',N'Bình',N'Trương Gia','1990-12-08','nhân viên mới'),
	('NV2',N'Chi',N'Lương Vũ Diệp','1991-02-19','nhân viên mới'),
	('NV3',N'Đức',N'Vũ Minh','1992-08-30','nhân viên mới'),
	('NV4',N'Hiền',N'Lý Vi','1995-09-19','nhân viên mới'),
	('NV5',N'Huyền',N'Mai Khánh','1995-03-04','nhân viên mới'),
	('NV6',N'Minh',N'Lương Bình','1993-07-02','nhân viên mới'),
	('NV7',N'Ninh',N'Nguyễn Quang','1990-05-29','nhân viên mới'),
	('NV8',N'Như',N'Đỗ Tâm','1998-01-09','nhân viên mới'),
	('NV9',N'Tùng',N'Nguyễn Mạnh','1999-07-02','nhân viên mới'),
	('NV10',N'Anh',N'Lương Phương','1998-09-19','nhân viên mới')


INSERT INTO KhachHang
VALUES 
	('KH1',N'Đặng Tuấn Anh',N'123 Ông Ích Khiêm',N'Bà Rịa - Vũng Tàu',N'222',N'Đức'),
	('KH2',N'Hoàng Đức Anh',N'124 Ông Ích Khiêm',N'Kiên Giang',N'100',N'Đức'),
	('KH3',N'Lưu Trang Anh',N'125 Ông Ích Khiêm',N'Gia Lai',N'222',N'Mỹ'),
	('KH4',N'Phạm Hoàng Anh',N'126 Ông Ích Khiêm',N'Sơn La',N'100',N'Việt Nam'),
	('KH5',N'Đỗ Hoàng Gia Bảo',N'127 Ông Ích Khiêm',N'An Giang',N'100',N'Việt Nam'),
	('KH6',N'Trần Thị Minh Châu',N'128 Ông Ích Khiêm',N'Hưng Yên',N'100',N'Việt Nam'),
	('KH7',N'Tăng Phương Chi',N'129 Ông Ích Khiêm',N'Hải Dương',N'888',N'Mỹ'),
	('KH8',N'Phạm Tiến Dũng',N'100 Lê Lợi',N'Nghệ An',N'666',N'Việt Nam'),
	('KH9',N'Nguyễn Thái Dương',N'101 Lê Lợi',N'Bạc Liêu',N'222',N'Mỹ'),
	('KH10',N'Trần An Dương',N'102 Lê Lợi',N'Lâm Đồng',N'100',N'Việt Nam'),
	('KH11',N'Mạc Trung Đức',N'103 Lê Lợi',N'Đồng Nai',N'500',N'Việt Nam'),
	('KH12',N'Vũ Hương Giang',N'104 Lê Lợi',N'Hà Tĩnh',N'777',N'Đức'),
	('KH13',N'Nguyễn Thị Ngân Hà',N'25 Lê Duẩn',N'Vĩnh Long',N'100',N'Anh'),
	('KH14',N'Nguyễn Lê Hiếu',N'52 Nguyễn Hoàng',N'Bình Thuận',N'999',N'Ý'),
	('KH15',N'Nguyễn Lê Hiếu',N'53 Nguyễn Hoàng',N'Cà Mau',N'100',N'Anh'),
	('KH16',N'Phạm Xuân Hòa',N'54 Nguyễn Hoàng',N'Lào Cai',N'222',N'Mỹ'),
	('KH17',N'Họ và tên học sinh',N'55 Nguyễn Hoàng',N'Khánh Hòa',N'100',N'Việt Nam'),
	('KH18',N'Nguyễn Hùng Anh',N'56 Nguyễn Hoàng',N'Đắk Lắk',N'200',N'Đức'),
	('KH19',N'Nguyễn Ngọc Anh',N'57 Nguyễn Hoàng',N'Bình Dương',N'777',N'Đức'),
	('KH20',N'Mai Tùng Bách',N'58 Nguyễn Hoàng',N'Đồng Tháp',N'100',N'Đức'),
	('KH21',N'Nguyễn Trần Bình',N'5 Lê Lai',N'Thừa Thiên Huế',N'666',N'Việt Nam'),
	('KH22',N'Vũ Điệp Chi',N'6 Lê Lai',N'Cà Mau',N'200',N'Đức'),
	('KH23',N'Phạm Văn Đạt',N'7 Lê Lai',N'Nam Định',N'455',N'Anh'),
	('KH24',N'Hoàng An Đông',N'8 Lê Lai',N'Lâm Đồng',N'222',N'Anh'),
	('KH25',N'Vũ Trung Đức',N'9 Lê Lai',N'Cao Bằng',N'300',N'Mỹ'),
	('KH26',N'Phí Vũ Trí Đức',N'10 Nguyễn Tất Thành',N'Tây Ninh',N'222',N'Đức'),
	('KH27',N'Đặng Gia Hân',N'11 Nguyễn Tất Thành',N'Bắc Kạn',N'222',N'Ý'),
	('KH28',N'Lưu Ngọc Hiền',N'12 Nguyễn Tất Thành',N'Hà Giang',N'222',N'Ý'),
	('KH29',N'Phạm Ngọc Hiếu',N'13 Nguyễn Tất Thành',N'Sóc Trăng',N'500',N'Anh'),
	('KH30',N'Phạm Sỹ Hiếu',N'14 Nguyễn Tất Thành',N'Quảng Ninh',N'300',N'Mỹ'),
	('KH31',N'Phạm Phương Hoa',N'15 Nguyễn Tất Thành',N'Quảng Trị',N'500',N'Ý'),
	('KH32',N'Vũ Đức Huy',N'16 Nguyễn Tất Thành',N'Bình Thuận',N'100',N'Việt Nam'),
	('KH33',N'Vũ Thanh Huyền',N'17 Nguyễn Tất Thành',N'Hà Giang',N'455',N'Anh'),
	('KH34',N'Phạm Thu Huyền',N'18 Nguyễn Tất Thành',N'Quảng Ngãi',N'200',N'Đức'),
	('KH35',N'Nguyễn Tuấn Hưng',N'19 Nguyễn Tất Thành',N'Thái Nguyên',N'222',N'Ý'),
	('KH36',N'Trần Đức Hưng',N'20 Nguyễn Tất Thành',N'Hậu Giang',N'999',N'Ý'),
	('KH37',N'Nguyễn Tiến Hưng',N'21 Nguyễn Tất Thành',N'Tiền Giang',N'777',N'Đức'),
	('KH38',N'Lê Nguyễn Diệu Hương',N'66 Nguyễn Hoàng',N'Hòa Bình',N'888',N'Ý'),
	('KH39',N'Nguyễn Hữu Ngọc Khánh',N'67 Nguyễn Hoàng',N'Cao Bằng',N'100',N'Việt Nam'),
	('KH40',N'Bùi Nam Khánh',N'68 Nguyễn Hoàng',N'Lào Cai',N'222',N'Đức'),
	('KH41',N'Đinh Ngọc Khánh',N'69 Nguyễn Hoàng',N'Bình Dương',N'999',N'Ý'),
	('KH42',N'Hồ Nguyễn Minh Khuê',N'70 Nguyễn Hoàng',N'Hưng Yên',N'999',N'Anh'),
	('KH43',N'Phạm Vũ Diệp Lam',N'71 Nguyễn Hoàng',N'Long An',N'222',N'Ý'),
	('KH44',N'Đinh Hoàng Tùng Lâm',N'44 Hà Huy Tập',N'Bình Phước',N'100',N'Anh'),
	('KH45',N'Lê Quang Long',N'45 Hà Huy Tập',N'Hậu Giang',N'777',N'Mỹ'),
	('KH46',N'Phạm Thị Phương Mai',N'46 Hà Huy Tập',N'Ninh Thuận',N'888',N'Mỹ'),
	('KH47',N'Lê Trần Tuấn Minh',N'47 Hà Huy Tập',N'Hà Nam',N'222',N'Anh'),
	('KH48',N'Nguyễn Thị Bích Ngọc',N'48 Hà Huy Tập',N'Bắc Giang',N'100',N'Việt Nam'),
	('KH49',N'Lê Trung Nguyên',N'49 Hà Huy Tập',N'Hà Tĩnh',N'455',N'Việt Nam'),
	('KH50',N'Lê Quỳnh Nhi',N'50 Hà Huy Tập',N'Hải Dương',N'666',N'Đức'),
	('KH51',N'Nguyễn Tuyết Anh Nhi',N'51 Hà Huy Tập',N'Thanh Hóa',N'455',N'Anh'),
	('KH52',N'Đinh Phú Sang',N'52 Hà Huy Tập',N'Bình Định',N'888',N'Mỹ'),
	('KH53',N'Đào Duy Thái',N'12 Lê Duẩn',N'Bạc Liêu',N'455',N'Anh'),
	('KH54',N'Vũ Minh Thư',N'13 Lê Duẩn',N'Hà Nam',N'666',N'Việt Nam'),
	('KH55',N'Nguyễn Mạnh Hùng',N'14 Lê Duẩn',N'Bình Phước',N'888',N'Mỹ'),
	('KH56',N'Phạm Thị Bích Ngọc',N'15 Lê Duẩn',N'Quảng Bình',N'100',N'Anh'),
	('KH57',N'Nguyễn Thúy Hảo',N'16 Lê Duẩn',N'Bắc Kạn',N'222',N'Đức'),
	('KH58',N'Trần Thị Hường',N'17 Lê Duẩn',N'Kiên Giang',N'300',N'Mỹ'),
	('KH59',N'Phạm Thị Phượng',N'18 Lê Duẩn',N'Ninh Bình',N'777',N'Đức'),
	('KH60',N'Nguyễn Thị Bích Thúy',N'19 Lê Duẩn',N'Quảng Bình',N'500',N'Anh'),
	('KH61',N'Vũ Thị Văn Thường',N'20 Lê Duẩn',N'Đắk Lắk',N'500',N'Ý'),
	('KH62',N'Đoàn Thị Thu Huyền',N'21 Lê Duẩn',N'Bắc Ninh',N'666',N'Việt Nam'),
	('KH63',N'Vũ Thị Kim Chung',N'22 Lê Duẩn',N'Đồng Nai',N'222',N'Đức'),
	('KH64',N'Nguyễn Thu Hương',N'23 Lê Duẩn',N'Bắc Ninh',N'222',N'Ý'),
	('KH65',N'Nguyễn Thị Hương',N'24 Lê Duẩn',N'Phú Thọ',N'500',N'Ý'),
	('KH66',N'Vũ Thị Hưng',N'25 Lê Duẩn',N'Đồng Tháp',N'222',N'Mỹ'),
	('KH67',N'Nguyễn Thị Hường',N'11 Hoàng Hoa Thắm',N'Phú Yên',N'300',N'Mỹ'),
	('KH68',N'Vũ Thị Phương Mai',N'12 Hoàng Hoa Thắm',N'Điện Biên',N'100',N'Việt Nam'),
	('KH69',N'Nguyễn Thị Thắm',N'13 Hoàng Hoa Thắm',N'Trà Vinh',N'888',N'Mỹ'),
	('KH70',N'Đoàn Thị Hương',N'14 Hoàng Hoa Thắm',N'Bến Tre',N'777',N'Đức'),
	('KH71',N'Phạm Thu Hương',N'15 Hoàng Hoa Thắm',N'Quảng Nam',N'100',N'Việt Nam'),
	('KH72',N'Ngô Thị Minh Phương',N'16 Hoàng Hoa Thắm',N'Thái Bình',N'222',N'Mỹ'),
	('KH73',N'Nguyễn Thị Hằng Nga',N'17 Hoàng Hoa Thắm',N'Yên Bái',N'200',N'Đức'),
	('KH74',N'Nguyễn Diệu Hương',N'223 Ông Ích Khiêm',N'Đắk Nông',N'300',N'Mỹ'),
	('KH75',N'Nguyễn Thu Hoài',N'224 Ông Ích Khiêm',N'Bến Tre',N'455',N'Anh'),
	('KH76',N'Nguyễn Thị Lý',N'85 Quang Trung',N'Vĩnh Phúc',N'100',N'Việt Nam'),
	('KH77',N'Hoàng Thị Hương',N'86 Quang Trung',N'Kon Tum',N'200',N'Mỹ'),
	('KH78',N'Trần Thanh Diệp',N'87 Quang Trung',N'Kon Tum',N'500',N'Ý'),
	('KH79',N'Nguyễn Quỳnh Giang',N'88 Quang Trung',N'Bình Định',N'666',N'Việt Nam'),
	('KH80',N'Vũ Thị Thu Hương',N'89 Quang Trung',N'Đắk Nông',N'500',N'Anh'),
	('KH81',N'Hoàng Thị Bích Ngọc',N'90 Quang Trung',N'Lai Châu',N'100',N'Ý'),
	('KH82',N'Trần Thị Thanh Tâm',N'91 Quang Trung',N'Hòa Bình',N'100',N'Anh'),
	('KH83',N'Nguyễn Thị Phương',N'10 Nguyễn Hoàng',N'Tuyên Quang',N'999',N'Ý'),
	('KH84',N'Trần Diễm Thùy Dương',N'11 Nguyễn Hoàng',N'Lai Châu',N'500',N'Anh'),
	('KH85',N'Phạm Thị Kim Phúc',N'12 Nguyễn Hoàng',N'Phú Thọ',N'999',N'Ý'),
	('KH86',N'Trần Thị Hảo',N'13 Nguyễn Hoàng',N'Khánh Hòa',N'200',N'Đức'),
	('KH87',N'Bùi Thị Kim Oanh',N'14 Nguyễn Hoàng',N'Lạng Sơn',N'222',N'Việt Nam'),
	('KH88',N'Phạm Ánh Tuyết',N'111 Ông Ích Khiêm',N'Lạng Sơn',N'222',N'Đức'),
	('KH89',N'Đặng Thùy Vân',N'100 Ông Ích Khiêm',N'Bắc Giang',N'222',N'Mỹ'),
	('KH90',N'Nguyễn Bích Thủy',N'02 Hà Huy Tập',N'Điện Biên',N'500',N'Ý'),
	('KH91',N'Vũ Thế Hưng',N'3 Hà Huy Tập',N'Gia Lai',N'222',N'Ý')


INSERT INTO Shippers
VALUES
	(N'Grab',N'(+84) 984590840'),
	(N'Bee',N'(+84) 348905444'),
	(N'GoViet',N'(+84) 834905845'),
	(N'XanhSM',N'(+84) 834905847')


INSERT INTO SanPham
VALUES	
	('SP1',N'Sữa Vinamilk Growplus',N'CC_003',N'4',N'thùng',N'300000'),
	('SP2',N'Nước ngọt Coca cola',N'CC_001',N'1',N'thùng',N'200000'),
	('SP3',N'Tương Ớt Chin-Su (250g)',N'CC_001',N'2',N'chai',N'12000'),
	('SP4',N'Sữa Đậu Nành Fami',N'CC_012',N'4',N'chai',N'247000'),
	('SP5',N'Bột cần tây sấy lạnh',N'CC_002',N'2',N'túi',N'145000'),
	('SP6',N'Giấm táo hữu cơ Organic Bragg',N'CC_001',N'2',N'túi',N'136000'),
	('SP7',N'Mít sấy thăng hoa',N'CC_002',N'7',N'túi',N'30000'),
	('SP8',N'Tương ớt Thái Long Hảo Hạng 250gr',N'CC_001',N'2',N'chai',N'25000'),
	('SP9',N'Xúc Xích Dinh Dưỡng Thịt Heo Ponnie',N'CC_001',N'6',N'túi',N'16000'),
	('SP10',N'Tôm thịt đông lạnh size 31/40 Đôi Đũa Vàng gói 450g',N'CC_001',N'8',N'túi',N'150000'),
	('SP11',N'Combo 3 hộp phô mai Con Bò Cười',N'CC_003',N'4',N'hộp',N'109000'),
	('SP12',N'Thùng 24 Hộp Sữa Đậu Dalat Milk',N'CC_005',N'4',N'thùng',N'300000'),
	('SP13',N'Cá viên đông lạnh Home Food gói 500g',N'CC_001',N'8',N'túi',N'60000'),
	('SP14',N'Mít sấy dẻo Nông Lâm Food',N'CC_002',N'7',N'túi',N'69000'),
	('SP15',N'Dầu Ôliu Nguyên Chất Olivoilà',N'CC_001',N'2',N'chai',N'86000'),
	('SP16',N'Hộp bánh Cookies Đại Phát (240g)',N'CC_007',N'3',N'hộp',N'280000'),
	('SP17',N'Combo 5 hộp pate thịt gà và que cua',N'CC_007',N'6',N'hộp',N'175000'),
	('SP18',N'Bào Ngư Hàn Quốc (Sống)',N'CC_007',N'8',N'con',N'68000'),
	('SP19',N'Bánh Trứng tươi - Chà Bông KARO Richy',N'CC_008',N'3',N'túi',N'33000'),
	('SP20',N'Bánh Gạo Hàn Quốc Nhỏ Richy',N'CC_008',N'3',N'túi',N'13000'),
	('SP21',N'Bánh dừa nướng Bảo Linh',N'CC_008',N'3',N'hộp',N'20000'),
	('SP22',N'Ngũ Cốc Sấy Khô Calbee',N'CC_002',N'5',N'túi',N'189000'),
	('SP23',N'Bột ngũ cốc Damtuh Hàn Quốc',N'CC_009',N'5',N'túi',N'265000'),
	('SP24',N'Lốc 6 Chai Olong Không Đường Tea+',N'CC_001',N'1',N'lốc',N'50000'),
	('SP25',N'Bánh Bơ Trứng Richy',N'CC_001',N'3',N'túi',N'19000'),
	('SP26',N'Bánh gạo chùm ngây vị sầu riêng Morice',N'CC_001',N'3',N'túi',N'17000'),
	('SP27',N'Kẹo sâm Hamer Nhập khẩu Mỹ',N'CC_001',N'3',N'hộp',N'300000'),
	('SP28',N'MÍT SẤY GIÒN 120g',N'CC_002',N'7',N'túi',N'37000'),
	('SP29',N'Thịt hộp Heo 2 lát Master',N'CC_001',N'6',N'hộp',N'18000'),
	('SP30',N'Tu Hài (Sống)',N'CC_001',N'8',N'kg',N'320000'),
	('SP31',N'Thùng 12 Hộp Sữa Uống Tiệt Trùng',N'CC_005',N'4',N'hộp',N'350000'),
	('SP32',N'Sữa bột tách kem A2 Úc',N'CC_004',N'4',N'túi',N'279000'),
	('SP33',N'Sữa bột Goldcare Gain',N'CC_004',N'4',N'chai',N'234000'),
	('SP34',N'Thùng Bia Heineken 24 Lon Thường',N'CC_001',N'1',N'thùng',N'395000'),
	('SP35',N'Trà Hoa Cúc Hùng Phát hộp 25 gói x 2 g',N'CC_001',N'1',N'hộp',N'36000'),
	('SP36',N'Ngao Hai Cồi (Sống)',N'CC_001',N'8',N'kg',N'280000'),
	('SP37',N'Hàu Nhật Nguyên Con',N'CC_001',N'8',N'kg',N'250000'),
	('SP38',N'Trà Hoa Cúc Hùng Phát hộp 25 gói x 2 g',N'CC_001',N'1',N'gói',N'32000'),
	('SP39',N'NƯỚC TÁO ÉP NGUYÊN CHẤT REAL JUICE 2 LÍT',N'CC_001',N'1',N'chai',N'75000'),
	('SP40',N'Cua Thịt Cà Mau (Kg)',N'CC_001',N'8',N'kg',N'500000'),
	('SP41',N'Cá Saba Phile Tươi (Kg)',N'CC_001',N'8',N'kg',N'220000'),
	('SP42',N'Ngũ cốc siêu dinh dưỡng',N'CC_003',N'5',N'túi',N'385000'),
	('SP43',N'Trà Đào Sả Cozy - Lốc 4 hộp',N'CC_001',N'1',N'lốc',N'28000'),
	('SP44',N'Dầu hạt cải nguyên chất nội địa Nhật Bản',N'CC_001',N'2',N'chai',N'134000'),
	('SP45',N'Đầu Cá Hồi Tươi',N'CC_001',N'8',N'kg',N'220000'),
	('SP46',N'Cá Cờ Kiếm Sushi',N'CC_001',N'8',N'kg',N'250000'),
	('SP47',N'Bánh quy trứng muối Đài Loan',N'CC_001',N'3',N'túi',N'95000'),
	('SP48',N'Kẹo Alpenliebe Hương Dâu Kem',N'CC_001',N'3',N'túi',N'12000'),
	('SP49',N'Bánh Quy Bơ Danisa',N'CC_001',N'3',N'hộp',N'300000'),
	('SP50',N'Bánh Quy Bơ Thập Cẩm Lu',N'CC_001',N'3',N'túi',N'140000'),
	('SP51',N'Đồ ăn vặt Mít sấy',N'CC_002',N'7',N'cân',N'31000'),
	('SP52',N'Túi 16 Gói Bột Ngũ Cốc Nestle',N'CC_007',N'5',N'túi',N'64000'),
	('SP53',N'Thịt Hộp Tulip Pork Luncheon',N'CC_001',N'6',N'hộp',N'87000'),
	('SP54',N'Khô Gà Lá Chanh Thượng Hạng',N'CC_001',N'6',N'hộp',N'68000'),
	('SP55',N'Thịt heo bằm cay Weichuan',N'CC_001',N'6',N'hộp',N'45000'),
	('SP56',N'Ngũ cốc siêu lợi sữa An Việt',N'CC_009',N'5',N'hộp',N'120000'),
	('SP57',N'Bột ngũ cốc Calsome hương Vani',N'CC_010',N'5',N'túi',N'51000'),
	('SP58',N'Cá Thu 1 nắng (Kg)',N'CC_001',N'8',N'kg',N'300000'),
	('SP59',N'Sữa Bột Nguyên Kem Dutch Lady',N'CC_008',N'4',N'hộp',N'180000'),
	('SP60',N'Sữa Bột Full Cream Devondale',N'CC_006',N'4',N'túi',N'269000'),
	('SP61',N'Nước mắm truyền thống Lê Gia',N'CC_001',N'2',N'chai',N'89000'),
	('SP62',N'Bánh Goute Hộp 8 Cái',N'CC_001',N'3',N'hộp',N'50000'),
	('SP63',N'Nước Chấm Ông Tây Chai',N'CC_001',N'2',N'chai',N'15000'),
	('SP64',N'Ngũ Cốc Dinh Dưỡng BEONE',N'CC_007',N'5',N'hộp',N'319000'),
	('SP65',N'Dầu Ăn Tường An (5L)',N'CC_001',N'2',N'chai',N'180000'),
	('SP66',N'Bột Ngọt Vedan 400g',N'CC_001',N'2',N'túi',N'30000'),
	('SP67',N'Nước Gạo Hàn Quốc Sun-Hee chai 1,5L',N'CC_001',N'1',N'chai',N'49000'),
	('SP68',N'Bánh Yến Mạch + mè đen Fine',N'CC_001',N'3',N'hộp',N'50000'),
	('SP69',N'Sữa bột Suremilk Canxi',N'CC_011',N'4',N'hộp',N'270000'),
	('SP70',N'Trà Lipton Nhãn Vàng 25 Túi/ Hộp',N'CC_001',N'1',N'hộp',N'33000'),
	('SP71',N'Thùng 24 Hộp Sữa Tươi',N'CC_009',N'4',N'thùng',N'240000'),
	('SP72',N'Sữa Hạt Hạnh Nhân Nguyên Chất',N'CC_001',N'4',N'thùng',N'105000'),
	('SP73',N'Cá Hồi Phi Lê Tươi Nguyên Miếng',N'CC_001',N'8',N'kg',N'300000'),
	('SP74',N'ĐẬU PHỘNG SẤY TỎI ỚT HIỆU TÂN LỘC',N'CC_002',N'7',N'kg',N'82000'),
	('SP75',N'Thùng Sữa đậu nành Fami',N'CC_012',N'1',N'thùng',N'145000'),
	('SP76',N'Trà Xanh Bao Thiếc Cầu Đất Farm',N'CC_001',N'1',N'hộp',N'42000'),
	('SP77',N'Hạt Nêm Knorr Từ Thịt Thăn',N'CC_001',N'2',N'túi',N'17000')


INSERT INTO DonHang
VALUES
	(10248,'KH1','NV5','2022-07-04','3'),
	(10249,'KH2','NV6','2022-07-05','1'),
	(10250,'KH3','NV4','2022-07-06','2'),
	(10251,'KH4','NV3','2022-07-07','1'),
	(10252,'KH5','NV4','2022-07-08','2'),
	(10253,'KH6','NV3','2022-07-09','2'),
	(10254,'KH7','NV5','2022-07-10','2'),
	(10255,'KH8','NV9','2022-07-11','3'),
	(10256,'KH9','NV3','2022-08-12','2'),
	(10257,'KH10','NV4','2022-08-13','3'),
	(10258,'KH11','NV1','2022-08-14','1'),
	(10259,'KH12','NV4','2022-08-15','3'),
	(10260,'KH13','NV4','2022-08-16','1'),
	(10261,'KH14','NV4','2022-08-17','2'),
	(10262,'KH15','NV8','2022-08-18','3'),
	(10263,'KH16','NV9','2022-08-19','3'),
	(10264,'KH17','NV6','2022-07-24','3'),
	(10265,'KH18','NV2','2022-07-25','1'),
	(10266,'KH19','NV3','2022-07-26','3'),
	(10267,'KH20','NV4','2022-07-27','1'),
	(10268,'KH21','NV8','2022-07-28','3'),
	(10269,'KH22','NV5','2022-07-29','1'),
	(10270,'KH23','NV1','2023-01-01','1'),
	(10271,'KH24','NV6','2023-01-01','2'),
	(10272,'KH25','NV6','2023-01-01','2'),
	(10273,'KH26','NV3','2023-01-01','3'),
	(10274,'KH27','NV6','2023-01-01','1'),
	(10275,'KH28','NV1','2023-01-01','1'),
	(10276,'KH29','NV8','2023-01-01','3'),
	(10277,'KH30','NV2','2023-01-01','3'),
	(10278,'KH31','NV8','2023-01-01','2'),
	(10279,'KH32','NV8','2023-01-01','2'),
	(10280,'KH33','NV2','2023-01-01','1'),
	(10281,'KH34','NV4','2023-01-01','1'),
	(10282,'KH35','NV4','2023-01-01','1'),
	(10283,'KH36','NV3','2023-01-01','3'),
	(10284,'KH37','NV4','2023-01-01','1'),
	(10285,'KH38','NV1','2023-01-01','2'),
	(10286,'KH39','NV8','2023-01-01','3'),
	(10287,'KH40','NV8','2023-01-01','3'),
	(10288,'KH41','NV4','2023-01-02','1'),
	(10289,'KH42','NV7','2023-01-03','3'),
	(10290,'KH43','NV8','2023-01-04','1'),
	(10291,'KH44','NV6','2023-01-13','2'),
	(10292,'KH45','NV1','2023-01-14','2'),
	(10293,'KH46','NV1','2023-01-15','3'),
	(10294,'KH47','NV4','2023-02-02','2'),
	(10295,'KH48','NV2','2023-02-03','2'),
	(10296,'KH49','NV6','2023-02-04','1'),
	(10297,'KH50','NV5','2023-02-05','2'),
	(10298,'KH51','NV6','2023-02-06','2'),
	(10299,'KH52','NV4','2023-02-07','2'),
	(10300,'KH53','NV2','2023-02-08','2'),
	(10301,'KH54','NV8','2023-02-09','2'),
	(10302,'KH55','NV4','2023-02-10','2'),
	(10303,'KH56','NV7','2023-02-11','2'),
	(10304,'KH80','NV1','2023-02-12','2'),
	(10305,'KH55','NV8','2023-02-13','3'),
	(10306,'KH69','NV1','2023-02-14','3'),
	(10307,'KH48','NV2','2023-02-15','2'),
	(10308,'KH2','NV7','2023-02-16','3'),
	(10309,'KH37','NV3','2023-02-17','1'),
	(10310,'KH77','NV8','2023-02-13','2'),
	(10311,'KH18','NV1','2023-02-13','3'),
	(10312,'KH86','NV2','2023-02-14','2'),
	(10313,'KH63','NV2','2023-02-15','2'),
	(10314,'KH65','NV1','2023-02-16','2'),
	(10315,'KH38','NV4','2023-03-04','2'),
	(10316,'KH65','NV1','2023-03-05','3'),
	(10317,'KH48','NV6','2023-03-06','1'),
	(10318,'KH38','NV8','2023-03-07','2'),
	(10319,'KH80','NV7','2023-03-08','3'),
	(10320,'KH87','NV5','2023-03-09','3'),
	(10321,'KH38','NV3','2023-03-10','2'),
	(10322,'KH58','NV7','2023-03-11','3'),
	(10323,'KH39','NV4','2023-03-12','1'),
	(10324,'KH71','NV9','2023-03-13','1'),
	(10325,'KH39','NV1','2023-03-14','3'),
	(10326,'KH8','NV4','2023-03-15','2'),
	(10327,'KH24','NV2','2023-03-16','1'),
	(10328,'KH28','NV4','2023-03-17','3'),
	(10329,'KH75','NV4','2023-03-18','2'),
	(10330,'KH46','NV3','2023-03-19','1'),
	(10331,'KH9','NV9','2023-03-20','1'),
	(10332,'KH51','NV3','2023-03-21','2'),
	(10333,'KH87','NV5','2023-03-22','3'),
	(10334,'KH84','NV8','2023-03-23','2'),
	(10335,'KH37','NV7','2023-03-24','2'),
	(10336,'KH60','NV7','2023-03-25','2'),
	(10337,'KH25','NV4','2023-03-26','3'),
	(10338,'KH55','NV4','2023-03-27','3'),
	(10339,'KH51','NV2','2023-03-28','2'),
	(10340,'KH9','NV1','2023-03-29','3'),
	(10341,'KH73','NV7','2023-04-04','3'),
	(10342,'KH25','NV4','2023-04-05','2'),
	(10343,'KH44','NV4','2023-04-05','1'),
	(10344,'KH89','NV4','2023-04-05','2'),
	(10345,'KH63','NV2','2023-04-05','2'),
	(10346,'KH65','NV3','2023-04-05','3'),
	(10347,'KH21','NV4','2023-04-05','3'),
	(10348,'KH86','NV4','2023-04-05','2'),
	(10349,'KH75','NV7','2023-04-05','1'),
	(10350,'KH41','NV6','2023-04-05','2'),
	(10351,'KH20','NV1','2023-04-05','1'),
	(10352,'KH28','NV3','2023-04-05','3'),
	(10353,'KH59','NV7','2023-04-05','3'),
	(10354,'KH58','NV8','2023-04-05','3'),
	(10355,'KH4','NV6','2023-04-05','1'),
	(10356,'KH86','NV6','2023-04-05','2'),
	(10357,'KH46','NV1','2023-04-05','3'),
	(10358,'KH41','NV5','2023-04-05','1'),
	(10359,'KH72','NV5','2023-04-05','3'),
	(10360,'KH7','NV4','2023-04-05','3'),
	(10361,'KH63','NV1','2023-04-05','2'),
	(10362,'KH9','NV3','2023-04-05','1'),
	(10363,'KH17','NV4','2023-04-05','3'),
	(10364,'KH19','NV1','2023-04-05','1'),
	(10365,'KH3','NV3','2023-04-05','2'),
	(10366,'KH29','NV8','2023-04-05','2'),
	(10367,'KH83','NV7','2023-04-05','3'),
	(10368,'KH20','NV2','2023-04-05','2'),
	(10369,'KH75','NV8','2023-04-05','2'),
	(10370,'KH14','NV6','2023-04-05','2'),
	(10371,'KH41','NV1','2023-04-05','1'),
	(10372,'KH62','NV5','2023-04-05','2'),
	(10373,'KH37','NV4','2023-04-05','3'),
	(10374,'KH91','NV1','2023-04-05','3'),
	(10375,'KH36','NV3','2023-04-05','2'),
	(10376,'KH51','NV1','2023-04-05','2'),
	(10377,'KH72','NV1','2023-04-05','3'),
	(10378,'KH24','NV5','2023-04-05','3'),
	(10379,'KH61','NV2','2023-04-05','1'),
	(10380,'KH37','NV8','2023-04-05','3'),
	(10381,'KH46','NV3','2023-04-05','3'),
	(10382,'KH20','NV4','2023-04-05','1'),
	(10383,'KH4','NV8','2023-04-05','3'),
	(10384,'KH5','NV3','2023-04-05','3'),
	(10385,'KH75','NV1','2023-04-05','2'),
	(10386,'KH21','NV9','2023-04-05','3'),
	(10387,'KH70','NV1','2023-04-05','2'),
	(10388,'KH72','NV2','2023-04-05','1'),
	(10389,'KH10','NV4','2023-04-05','2'),
	(10390,'KH20','NV6','2023-04-05','1'),
	(10391,'KH17','NV3','2023-04-05','3'),
	(10392,'KH59','NV2','2023-04-05','3'),
	(10393,'KH71','NV1','2023-04-05','3'),
	(10394,'KH36','NV1','2023-04-05','3'),
	(10395,'KH35','NV6','2023-04-05','1'),
	(10396,'KH25','NV1','2023-04-05','3'),
	(10397,'KH60','NV5','2023-04-05','1'),
	(10398,'KH71','NV2','2023-04-05','3'),
	(10399,'KH83','NV8','2023-04-05','3'),
	(10400,'KH19','NV1','2023-04-05','3'),
	(10401,'KH65','NV1','2023-04-05','1'),
	(10402,'KH20','NV8','2023-04-05','2'),
	(10403,'KH20','NV4','2023-04-05','3'),
	(10404,'KH49','NV2','2023-04-05','1'),
	(10405,'KH47','NV1','2023-04-05','1'),
	(10406,'KH62','NV7','2023-04-05','1'),
	(10407,'KH56','NV2','2023-04-05','2'),
	(10408,'KH23','NV8','2023-04-05','1'),
	(10409,'KH54','NV3','2023-04-05','1'),
	(10410,'KH10','NV3','2023-04-05','3'),
	(10411,'KH10','NV9','2023-04-05','3'),
	(10412,'KH87','NV8','2023-04-05','2'),
	(10413,'KH41','NV3','2023-04-05','2'),
	(10414,'KH21','NV2','2023-04-05','3'),
	(10415,'KH36','NV3','2023-04-05','1'),
	(10416,'KH87','NV8','2023-04-05','3'),
	(10417,'KH73','NV4','2023-04-05','3'),
	(10418,'KH63','NV4','2023-04-05','1'),
	(10419,'KH68','NV4','2023-04-05','2'),
	(10420,'KH88','NV3','2023-04-05','1'),
	(10421,'KH61','NV8','2023-04-05','1'),
	(10422,'KH27','NV2','2023-04-05','1'),
	(10423,'KH31','NV6','2023-04-05','3'),
	(10424,'KH51','NV7','2023-04-05','2'),
	(10425,'KH41','NV6','2023-04-05','2'),
	(10426,'KH29','NV4','2023-04-05','1'),
	(10427,'KH59','NV4','2023-04-05','2'),
	(10428,'KH66','NV7','2023-04-05','1'),
	(10429,'KH37','NV3','2023-04-05','2'),
	(10430,'KH20','NV4','2023-04-05','1'),
	(10431,'KH10','NV4','2023-04-05','2'),
	(10432,'KH75','NV3','2023-04-05','2'),
	(10433,'KH60','NV3','2023-04-05','3'),
	(10434,'KH24','NV3','2023-04-05','2'),
	(10435,'KH16','NV8','2023-04-05','2'),
	(10436,'KH7','NV3','2023-04-05','2'),
	(10437,'KH87','NV8','2023-04-05','1'),
	(10438,'KH79','NV3','2023-04-05','2'),
	(10439,'KH51','NV6','2023-04-05','3'),
	(10440,'KH71','NV4','2023-04-05','2'),
	(10441,'KH55','NV3','2023-04-05','2'),
	(10442,'KH20','NV3','2023-04-05','2'),
	(10443,'KH66','NV8','2023-04-05','1')
	


INSERT INTO DonHangChiTiet
VALUES
	(1,'10248','SP11','12'),
	(2,'10248','SP42','10'),
	(3,'10248','SP72','5'),
	(4,'10249','SP14','9'),
	(5,'10249','SP51','40'),
	(6,'10250','SP41','10'),
	(7,'10250','SP51','35'),
	(8,'10250','SP65','15'),
	(9,'10251','SP22','6'),
	(10,'10251','SP57','15'),
	(11,'10251','SP65','20'),
	(12,'10252','SP20','40'),
	(13,'10252','SP33','25'),
	(14,'10252','SP60','40'),
	(15,'10253','SP31','20'),
	(16,'10253','SP39','42'),
	(17,'10253','SP49','40'),
	(18,'10254','SP24','15'),
	(19,'10254','SP55','21'),
	(20,'10254','SP74','21'),
	(21,'10255','SP2','20'),
	(22,'10255','SP16','35'),
	(23,'10255','SP36','25'),
	(24,'10255','SP59','30'),
	(25,'10256','SP53','15'),
	(26,'10256','SP77','12'),
	(27,'10257','SP27','25'),
	(28,'10257','SP39','6'),
	(29,'10257','SP77','15'),
	(30,'10258','SP2','50'),
	(31,'10258','SP5','65'),
	(32,'10258','SP32','6'),
	(33,'10259','SP21','10'),
	(34,'10259','SP37','1'),
	(35,'10260','SP41','16'),
	(36,'10260','SP57','50'),
	(37,'10260','SP62','15'),
	(38,'10260','SP70','21'),
	(39,'10261','SP21','20'),
	(40,'10261','SP35','20'),
	(41,'10262','SP5','12'),
	(42,'10262','SP7','15'),
	(43,'10262','SP56','2'),
	(44,'10263','SP16','60'),
	(45,'10263','SP24','28'),
	(46,'10263','SP30','60'),
	(47,'10263','SP74','36'),
	(48,'10264','SP2','35'),
	(49,'10264','SP41','25'),
	(50,'10265','SP17','30'),
	(51,'10265','SP70','20'),
	(52,'10266','SP12','12'),
	(53,'10267','SP40','50'),
	(54,'10267','SP59','70'),
	(55,'10267','SP76','15'),
	(56,'10268','SP29','10'),
	(57,'10268','SP72','4'),
	(58,'10269','SP33','60'),
	(59,'10269','SP72','20'),
	(60,'10270','SP36','30'),
	(61,'10270','SP43','25'),
	(62,'10271','SP33','24'),
	(63,'10272','SP20','6'),
	(64,'10272','SP31','40'),
	(65,'10272','SP72','24'),
	(66,'10273','SP10','24'),
	(67,'10273','SP31','15'),
	(68,'10273','SP33','20'),
	(69,'10273','SP40','60'),
	(70,'10273','SP76','33'),
	(71,'10274','SP71','20'),
	(72,'10274','SP72','7'),
	(73,'10275','SP24','12'),
	(74,'10275','SP59','6'),
	(75,'10276','SP10','15'),
	(76,'10276','SP13','10'),
	(77,'10277','SP28','20'),
	(78,'10277','SP62','12'),
	(79,'10278','SP44','16'),
	(80,'10278','SP59','15'),
	(81,'10278','SP63','8'),
	(82,'10278','SP73','25'),
	(83,'10279','SP17','15'),
	(84,'10280','SP24','12'),
	(85,'10280','SP55','20'),
	(86,'10280','SP75','30'),
	(87,'10281','SP19','1'),
	(88,'10281','SP24','6'),
	(89,'10281','SP35','4'),
	(90,'10282','SP30','6'),
	(91,'10282','SP57','2'),
	(92,'10283','SP15','20'),
	(93,'10283','SP19','18'),
	(94,'10283','SP60','35'),
	(95,'10283','SP72','3'),
	(96,'10284','SP27','15'),
	(97,'10284','SP44','21'),
	(98,'10284','SP60','20'),
	(99,'10284','SP67','5'),
	(100,'10285','SP1','45'),
	(101,'10285','SP40','40'),
	(102,'10285','SP53','36'),
	(103,'10286','SP35','100'),
	(104,'10286','SP62','40'),
	(105,'10287','SP16','40'),
	(106,'10287','SP34','20'),
	(107,'10287','SP46','15'),
	(108,'10288','SP54','10'),
	(109,'10288','SP68','3'),
	(110,'10289','SP3','30'),
	(111,'10289','SP64','9'),
	(112,'10290','SP5','20'),
	(113,'10290','SP29','15'),
	(114,'10290','SP49','15'),
	(115,'10290','SP77','10'),
	(116,'10291','SP13','20'),
	(117,'10291','SP44','24'),
	(118,'10291','SP51','2'),
	(119,'10292','SP20','20'),
	(120,'10293','SP18','12'),
	(121,'10293','SP24','10'),
	(122,'10293','SP63','5'),
	(123,'10293','SP75','6'),
	(124,'10294','SP1','18'),
	(125,'10294','SP17','15'),
	(126,'10294','SP43','15'),
	(127,'10294','SP60','21'),
	(128,'10294','SP75','6'),
	(129,'10295','SP56','4'),
	(130,'10296','SP11','12'),
	(131,'10296','SP16','30'),
	(132,'10296','SP69','15'),
	(133,'10297','SP39','60'),
	(134,'10297','SP72','20'),
	(135,'10298','SP2','40'),
	(136,'10298','SP36','40'),
	(137,'10298','SP59','30'),
	(138,'10298','SP62','15'),
	(139,'10299','SP19','15'),
	(140,'10299','SP70','20'),
	(141,'10300','SP66','30'),
	(142,'10300','SP68','20'),
	(143,'10301','SP40','10'),
	(144,'10301','SP56','20'),
	(145,'10302','SP17','40'),
	(146,'10302','SP28','28'),
	(147,'10302','SP43','12'),
	(148,'10303','SP40','40'),
	(149,'10303','SP65','30'),
	(150,'10303','SP68','15'),
	(151,'10304','SP49','30'),
	(152,'10304','SP59','10'),
	(153,'10304','SP71','2'),
	(154,'10305','SP18','25'),
	(155,'10305','SP29','25'),
	(156,'10305','SP39','30'),
	(157,'10306','SP30','10'),
	(158,'10306','SP53','10'),
	(159,'10306','SP54','5'),
	(160,'10307','SP62','10'),
	(161,'10307','SP68','3'),
	(162,'10308','SP69','1'),
	(163,'10308','SP70','5'),
	(164,'10309','SP4','20'),
	(165,'10309','SP6','30'),
	(166,'10309','SP42','2'),
	(167,'10309','SP43','20'),
	(168,'10309','SP71','3'),
	(169,'10310','SP16','10'),
	(170,'10310','SP62','5'),
	(171,'10311','SP42','6'),
	(172,'10311','SP69','7'),
	(173,'10312','SP28','4'),
	(174,'10312','SP43','24'),
	(175,'10312','SP53','20'),
	(176,'10312','SP75','10'),
	(177,'10313','SP36','12'),
	(178,'10314','SP32','40'),
	(179,'10314','SP58','30'),
	(180,'10314','SP62','25'),
	(181,'10315','SP34','14'),
	(182,'10315','SP70','30'),
	(183,'10316','SP41','10'),
	(184,'10316','SP62','70'),
	(185,'10317','SP1','20'),
	(186,'10318','SP41','20'),
	(187,'10318','SP76','6'),
	(188,'10319','SP17','8'),
	(189,'10319','SP28','14'),
	(190,'10319','SP76','30'),
	(191,'10320','SP71','30'),
	(192,'10321','SP35','10'),
	(193,'10322','SP52','20'),
	(194,'10323','SP15','5'),
	(195,'10323','SP25','4'),
	(196,'10323','SP39','4'),
	(197,'10324','SP16','21'),
	(198,'10324','SP35','70'),
	(199,'10324','SP46','30'),
	(200,'10324','SP59','40'),
	(201,'10324','SP63','80'),
	(202,'10325','SP6','6'),
	(203,'10325','SP13','12'),
	(204,'10325','SP14','9'),
	(205,'10325','SP31','4'),
	(206,'10325','SP72','40'),
	(207,'10326','SP4','24'),
	(208,'10326','SP57','16'),
	(209,'10326','SP75','50'),
	(210,'10327','SP2','25'),
	(211,'10327','SP11','50'),
	(212,'10327','SP30','35'),
	(213,'10327','SP58','30'),
	(214,'10328','SP59','9'),
	(215,'10328','SP65','40'),
	(216,'10328','SP68','10'),
	(217,'10329','SP19','10'),
	(218,'10329','SP30','8'),
	(219,'10329','SP38','20'),
	(220,'10329','SP56','12'),
	(221,'10330','SP26','50'),
	(222,'10330','SP72','25'),
	(223,'10331','SP54','15'),
	(224,'10332','SP18','40'),
	(225,'10332','SP42','10'),
	(226,'10332','SP47','16'),
	(227,'10333','SP14','10'),
	(228,'10333','SP21','10'),
	(229,'10333','SP71','40'),
	(230,'10334','SP52','8'),
	(231,'10334','SP68','10'),
	(232,'10335','SP2','7'),
	(233,'10335','SP31','25'),
	(234,'10335','SP32','6'),
	(235,'10335','SP51','48'),
	(236,'10336','SP4','18'),
	(237,'10337','SP23','40'),
	(238,'10337','SP26','24'),
	(239,'10337','SP36','20'),
	(240,'10337','SP37','28'),
	(241,'10337','SP72','25'),
	(242,'10338','SP17','20'),
	(243,'10338','SP30','15'),
	(244,'10339','SP4','10'),
	(245,'10339','SP17','70'),
	(246,'10339','SP62','28'),
	(247,'10340','SP18','20'),
	(248,'10340','SP41','12'),
	(249,'10340','SP43','40'),
	(250,'10341','SP33','8'),
	(251,'10341','SP59','9'),
	(252,'10342','SP2','24'),
	(253,'10342','SP31','56'),
	(254,'10342','SP36','40'),
	(255,'10342','SP55','40'),
	(256,'10343','SP64','50'),
	(257,'10343','SP68','4'),
	(258,'10343','SP76','15'),
	(259,'10344','SP4','35'),
	(260,'10344','SP8','70'),
	(261,'10345','SP8','70'),
	(262,'10345','SP19','80'),
	(263,'10345','SP42','9'),
	(264,'10346','SP17','36'),
	(265,'10346','SP56','20'),
	(266,'10347','SP25','10'),
	(267,'10347','SP39','50'),
	(268,'10347','SP40','4'),
	(269,'10347','SP75','6'),
	(270,'10348','SP1','15'),
	(271,'10348','SP23','25'),
	(272,'10349','SP54','24'),
	(273,'10350','SP50','15'),
	(274,'10350','SP69','18'),
	(275,'10351','SP38','20'),
	(276,'10351','SP41','13'),
	(277,'10351','SP44','77'),
	(278,'10351','SP65','10'),
	(279,'10352','SP24','10'),
	(280,'10352','SP54','20'),
	(281,'10353','SP11','12'),
	(282,'10353','SP38','50'),
	(283,'10354','SP1','12'),
	(284,'10354','SP29','4'),
	(285,'10355','SP24','25'),
	(286,'10355','SP57','25'),
	(287,'10356','SP31','30'),
	(288,'10356','SP55','12'),
	(289,'10356','SP69','20'),
	(290,'10357','SP10','30'),
	(291,'10357','SP26','16'),
	(292,'10357','SP60','8'),
	(293,'10358','SP24','10'),
	(294,'10358','SP34','10'),
	(295,'10358','SP36','20'),
	(296,'10359','SP16','56'),
	(297,'10359','SP31','70'),
	(298,'10359','SP60','80'),
	(299,'10360','SP28','30'),
	(300,'10360','SP29','35'),
	(301,'10360','SP38','10'),
	(302,'10360','SP49','35'),
	(303,'10360','SP54','28'),
	(304,'10361','SP39','54'),
	(305,'10361','SP60','55'),
	(306,'10362','SP25','50'),
	(307,'10362','SP51','20'),
	(308,'10362','SP54','24'),
	(309,'10363','SP31','20'),
	(310,'10363','SP75','12'),
	(311,'10363','SP76','12'),
	(312,'10364','SP69','30'),
	(313,'10364','SP71','5'),
	(314,'10365','SP11','24'),
	(315,'10366','SP65','5'),
	(316,'10366','SP77','5'),
	(317,'10367','SP34','36'),
	(318,'10367','SP54','18'),
	(319,'10367','SP65','15'),
	(320,'10367','SP77','7'),
	(321,'10368','SP21','5'),
	(322,'10368','SP28','13'),
	(323,'10368','SP57','25'),
	(324,'10368','SP64','35'),
	(325,'10369','SP29','20'),
	(326,'10369','SP56','18'),
	(327,'10370','SP1','15'),
	(328,'10370','SP64','30'),
	(329,'10370','SP74','20'),
	(330,'10371','SP36','6'),
	(331,'10372','SP20','12'),
	(332,'10372','SP38','40'),
	(333,'10372','SP60','70'),
	(334,'10372','SP72','42'),
	(335,'10373','SP58','80'),
	(336,'10373','SP71','50'),
	(337,'10374','SP31','30'),
	(338,'10374','SP58','15'),
	(339,'10375','SP14','15'),
	(340,'10375','SP54','10'),
	(341,'10376','SP31','42'),
	(342,'10377','SP28','20'),
	(343,'10377','SP39','20'),
	(344,'10378','SP71','6'),
	(345,'10379','SP41','8'),
	(346,'10379','SP63','16'),
	(347,'10379','SP65','20'),
	(348,'10380','SP30','18'),
	(349,'10380','SP53','20'),
	(350,'10380','SP60','6'),
	(351,'10380','SP70','30'),
	(352,'10381','SP74','14'),
	(353,'10382','SP5','32'),
	(354,'10382','SP18','9'),
	(355,'10382','SP29','14'),
	(356,'10382','SP33','60'),
	(357,'10382','SP74','50'),
	(358,'10383','SP13','20'),
	(359,'10383','SP50','15'),
	(360,'10383','SP56','20'),
	(361,'10384','SP20','28'),
	(362,'10384','SP60','15'),
	(363,'10385','SP7','10'),
	(364,'10385','SP60','20'),
	(365,'10385','SP68','8'),
	(366,'10386','SP24','15'),
	(367,'10386','SP34','10'),
	(368,'10387','SP24','15'),
	(369,'10387','SP28','6'),
	(370,'10387','SP59','12'),
	(371,'10387','SP71','15'),
	(372,'10388','SP45','15'),
	(373,'10388','SP52','20'),
	(374,'10388','SP53','40'),
	(375,'10389','SP10','16'),
	(376,'10389','SP55','15'),
	(377,'10389','SP62','20'),
	(378,'10389','SP70','30'),
	(379,'10390','SP31','60'),
	(380,'10390','SP35','40'),
	(381,'10390','SP46','45'),
	(382,'10390','SP72','24'),
	(383,'10391','SP13','18'),
	(384,'10392','SP69','50'),
	(385,'10393','SP2','25'),
	(386,'10393','SP14','42'),
	(387,'10393','SP25','7'),
	(388,'10393','SP26','70'),
	(389,'10393','SP31','32'),
	(390,'10394','SP13','10'),
	(391,'10394','SP62','10'),
	(392,'10395','SP46','28'),
	(393,'10395','SP53','70'),
	(394,'10395','SP69','8'),
	(395,'10396','SP23','40'),
	(396,'10396','SP71','60'),
	(397,'10396','SP72','21'),
	(398,'10397','SP21','10'),
	(399,'10397','SP51','18'),
	(400,'10398','SP35','30'),
	(401,'10398','SP55','120'),
	(402,'10399','SP68','60'),
	(403,'10399','SP71','30'),
	(404,'10399','SP76','35'),
	(405,'10399','SP77','14'),
	(406,'10400','SP29','21'),
	(407,'10400','SP35','35'),
	(408,'10400','SP49','30'),
	(409,'10401','SP30','18'),
	(410,'10401','SP56','70'),
	(411,'10401','SP65','20'),
	(412,'10401','SP71','60'),
	(413,'10402','SP23','60'),
	(414,'10402','SP63','65'),
	(415,'10403','SP16','21'),
	(416,'10403','SP48','70'),
	(417,'10404','SP26','30'),
	(418,'10404','SP42','40'),
	(419,'10404','SP49','30'),
	(420,'10405','SP3','50'),
	(421,'10406','SP1','10'),
	(422,'10406','SP21','30'),
	(423,'10406','SP28','42'),
	(424,'10406','SP36','5'),
	(425,'10406','SP40','2'),
	(426,'10407','SP11','30'),
	(427,'10407','SP69','15'),
	(428,'10407','SP71','15'),
	(429,'10408','SP37','10'),
	(430,'10408','SP54','6'),
	(431,'10408','SP62','35'),
	(432,'10409','SP14','12'),
	(433,'10409','SP21','12'),
	(434,'10410','SP33','49'),
	(435,'10410','SP59','16'),
	(436,'10411','SP41','25'),
	(437,'10411','SP44','40'),
	(438,'10411','SP59','9'),
	(439,'10412','SP14','20'),
	(440,'10413','SP1','24'),
	(441,'10413','SP62','40'),
	(442,'10413','SP76','14'),
	(443,'10414','SP19','18'),
	(444,'10414','SP33','50'),
	(445,'10415','SP17','2'),
	(446,'10415','SP33','20'),
	(447,'10416','SP19','20'),
	(448,'10416','SP53','10'),
	(449,'10416','SP57','20'),
	(450,'10417','SP38','50'),
	(451,'10417','SP46','2'),
	(452,'10417','SP68','36'),
	(453,'10417','SP77','35'),
	(454,'10418','SP2','60'),
	(455,'10418','SP47','55'),
	(456,'10418','SP61','16'),
	(457,'10418','SP74','15'),
	(458,'10419','SP60','60'),
	(459,'10419','SP69','20'),
	(460,'10420','SP9','20'),
	(461,'10420','SP13','2'),
	(462,'10420','SP70','8'),
	(463,'10420','SP73','20'),
	(464,'10421','SP19','4'),
	(465,'10421','SP26','30'),
	(466,'10421','SP53','15'),
	(467,'10421','SP77','10'),
	(468,'10422','SP26','2'),
	(469,'10423','SP31','14'),
	(470,'10423','SP59','20'),
	(471,'10424','SP35','60'),
	(472,'10424','SP38','49'),
	(473,'10424','SP68','30'),
	(474,'10425','SP55','10'),
	(475,'10425','SP76','20'),
	(476,'10426','SP56','5'),
	(477,'10426','SP64','7'),
	(478,'10427','SP14','35'),
	(479,'10428','SP46','20'),
	(480,'10429','SP50','40'),
	(481,'10429','SP63','35'),
	(482,'10430','SP17','45'),
	(483,'10430','SP21','50'),
	(484,'10430','SP56','30'),
	(485,'10430','SP59','70'),
	(486,'10431','SP17','50'),
	(487,'10431','SP40','50'),
	(488,'10431','SP47','30'),
	(489,'10432','SP26','10'),
	(490,'10432','SP54','40'),
	(491,'10433','SP56','28'),
	(492,'10434','SP11','6'),
	(493,'10434','SP76','18'),
	(494,'10435','SP2','10'),
	(495,'10435','SP22','12'),
	(496,'10435','SP72','10'),
	(497,'10436','SP46','5'),
	(498,'10436','SP56','40'),
	(499,'10436','SP64','30'),
	(500,'10436','SP75','24'),
	(501,'10437','SP53','15'),
	(502,'10438','SP19','15'),
	(503,'10438','SP34','20'),
	(504,'10438','SP57','15'),
	(505,'10439','SP12','15'),
	(506,'10439','SP16','16'),
	(507,'10439','SP64','6'),
	(508,'10439','SP74','30'),
	(509,'10440','SP2','45'),
	(510,'10440','SP16','49'),
	(511,'10440','SP29','24'),
	(512,'10440','SP61','90'),
	(513,'10441','SP27','50'),
	(514,'10442','SP11','30'),
	(515,'10442','SP54','80'),
	(516,'10442','SP66','60'),
	(517,'10443','SP11','6'),
	(518,'10443','SP28','12')